<ImportExportXml version="9.2.23105.202" SolutionPackageVersion="9.2" languagecode="1046" generatedBy="CrmLive" xmlns:xsi="http://www.w3.org/2001/XMLSchema-instance">
  <SolutionManifest>
    <UniqueName>SolucaoTreinamentoDIO</UniqueName>
    <LocalizedNames>
      <LocalizedName description="Solução Treinamento DIO" languagecode="1046" />
    </LocalizedNames>
    <Descriptions />
    <Version>1.0.0.1</Version>
    <Managed>0</Managed>
    <Publisher>
      <UniqueName>diodevdyn365ce</UniqueName>
      <LocalizedNames>
        <LocalizedName description="DioDevDyn365CE" languagecode="1046" />
      </LocalizedNames>
      <Descriptions>
        <Description description="Publicador para o treinamento do Bootcamp da DIO AVANADE de MS Dynamics 365 CE." languagecode="1046" />
      </Descriptions>
      <EMailAddress xsi:nil="true"></EMailAddress>
      <SupportingWebsiteUrl xsi:nil="true"></SupportingWebsiteUrl>
      <CustomizationPrefix>dio</CustomizationPrefix>
      <CustomizationOptionValuePrefix>91430</CustomizationOptionValuePrefix>
      <Addresses>
        <Address>
          <AddressNumber>1</AddressNumber>
          <AddressTypeCode>1</AddressTypeCode>
          <City xsi:nil="true"></City>
          <County xsi:nil="true"></County>
          <Country xsi:nil="true"></Country>
          <Fax xsi:nil="true"></Fax>
          <FreightTermsCode xsi:nil="true"></FreightTermsCode>
          <ImportSequenceNumber xsi:nil="true"></ImportSequenceNumber>
          <Latitude xsi:nil="true"></Latitude>
          <Line1 xsi:nil="true"></Line1>
          <Line2 xsi:nil="true"></Line2>
          <Line3 xsi:nil="true"></Line3>
          <Longitude xsi:nil="true"></Longitude>
          <Name xsi:nil="true"></Name>
          <PostalCode xsi:nil="true"></PostalCode>
          <PostOfficeBox xsi:nil="true"></PostOfficeBox>
          <PrimaryContactName xsi:nil="true"></PrimaryContactName>
          <ShippingMethodCode>1</ShippingMethodCode>
          <StateOrProvince xsi:nil="true"></StateOrProvince>
          <Telephone1 xsi:nil="true"></Telephone1>
          <Telephone2 xsi:nil="true"></Telephone2>
          <Telephone3 xsi:nil="true"></Telephone3>
          <TimeZoneRuleVersionNumber xsi:nil="true"></TimeZoneRuleVersionNumber>
          <UPSZone xsi:nil="true"></UPSZone>
          <UTCOffset xsi:nil="true"></UTCOffset>
          <UTCConversionTimeZoneCode xsi:nil="true"></UTCConversionTimeZoneCode>
        </Address>
        <Address>
          <AddressNumber>2</AddressNumber>
          <AddressTypeCode>1</AddressTypeCode>
          <City xsi:nil="true"></City>
          <County xsi:nil="true"></County>
          <Country xsi:nil="true"></Country>
          <Fax xsi:nil="true"></Fax>
          <FreightTermsCode xsi:nil="true"></FreightTermsCode>
          <ImportSequenceNumber xsi:nil="true"></ImportSequenceNumber>
          <Latitude xsi:nil="true"></Latitude>
          <Line1 xsi:nil="true"></Line1>
          <Line2 xsi:nil="true"></Line2>
          <Line3 xsi:nil="true"></Line3>
          <Longitude xsi:nil="true"></Longitude>
          <Name xsi:nil="true"></Name>
          <PostalCode xsi:nil="true"></PostalCode>
          <PostOfficeBox xsi:nil="true"></PostOfficeBox>
          <PrimaryContactName xsi:nil="true"></PrimaryContactName>
          <ShippingMethodCode>1</ShippingMethodCode>
          <StateOrProvince xsi:nil="true"></StateOrProvince>
          <Telephone1 xsi:nil="true"></Telephone1>
          <Telephone2 xsi:nil="true"></Telephone2>
          <Telephone3 xsi:nil="true"></Telephone3>
          <TimeZoneRuleVersionNumber xsi:nil="true"></TimeZoneRuleVersionNumber>
          <UPSZone xsi:nil="true"></UPSZone>
          <UTCOffset xsi:nil="true"></UTCOffset>
          <UTCConversionTimeZoneCode xsi:nil="true"></UTCConversionTimeZoneCode>
        </Address>
      </Addresses>
    </Publisher>
    <RootComponents>
      <RootComponent type="1" schemaName="dio_aluno" behavior="0" />
      <RootComponent type="1" schemaName="dio_cursosdisponiveis" behavior="0" />
      <RootComponent type="1" schemaName="dio_cursoxinstrutores" behavior="0" />
      <RootComponent type="1" schemaName="dio_instrutor" behavior="0" />
      <RootComponent type="1" schemaName="dio_instrutoresapp" behavior="0" />
      <RootComponent type="1" schemaName="dio_instrutorxcursoapp" behavior="0" />
      <RootComponent type="1" schemaName="dio_treinamento" behavior="0" />
      <RootComponent type="29" id="{f6c678c1-ca78-ee11-8179-000d3a888a06}" behavior="0" />
      <RootComponent type="61" schemaName="dio_logoDio" behavior="0" />
      <RootComponent type="61" schemaName="dio_logoPowerApps" behavior="0" />
      <RootComponent type="61" schemaName="dio_ValidarCPF" behavior="0" />
      <RootComponent type="61" schemaName="msdyn_CopilotIconNoColor.svg" behavior="0" />
      <RootComponent type="62" schemaName="dio_Treinamento" behavior="0" />
      <RootComponent type="80" schemaName="dio_Treinamento" behavior="0" />
      <RootComponent type="300" schemaName="dio_aplicativotestecpia_55f67" behavior="0" />
      <RootComponent type="300" schemaName="dio_aplicativoteste_f05d8" behavior="0" />
      <RootComponent type="300" schemaName="dio_appinstbtn_c095a" behavior="0" />
      <RootComponent type="300" schemaName="dio_appinstrutores_db8b0" behavior="0" />
      <RootComponent type="300" schemaName="dio_appinst_b6b51" behavior="0" />
    </RootComponents>
    <MissingDependencies>
      <MissingDependency>
        <Required type="20" displayName="PowerAppsRPRole" solution="S2SApplicationRoles (1.0.0.80)" id="{527c7b12-e5ac-4408-9f46-ecc762397544}" />
        <Dependent type="80" schemaName="dio_Treinamento" displayName="Treinamento" />
      </MissingDependency>
      <MissingDependency>
        <Required type="20" displayName="Power Platform Dataflows Service Role" solution="S2SApplicationRoles (1.0.0.80)" id="{f2550a3a-f9c6-4409-bf77-8d4ceadb27ab}" />
        <Dependent type="80" schemaName="dio_Treinamento" displayName="Treinamento" />
      </MissingDependency>
      <MissingDependency>
        <Required type="61" schemaName="msdyn_/Images/AppModule_Default_Icon.png" displayName="msdyn_/Images/AppModule_Default_Icon.png" solution="AppModuleWebResources (2.5)" />
        <Dependent type="80" schemaName="dio_Treinamento" displayName="Treinamento" />
      </MissingDependency>
      <MissingDependency>
        <Required type="61" schemaName="msdyn_CopilotIconNoColor.svg" displayName="msdyn_CopilotIconNoColor.svg" solution="msdyn_AppCopilotFeatures (1.0.0.6)" />
        <Dependent type="61" schemaName="msdyn_CopilotIconNoColor.svg" displayName="msdyn_CopilotIconNoColor.svg" />
      </MissingDependency>
      <MissingDependency>
        <Required type="66" schemaName="MscrmControls.Canvas.CanvasControl" displayName="MscrmControls.Canvas.CanvasControl" solution="BaseCustomControlsCore (9.0.2310.5018)" />
        <Dependent type="60" displayName="Curso DYN365CE" parentDisplayName="Cursos" id="{b6867a50-7b08-4354-9c05-35f3c905f397}" />
      </MissingDependency>
    </MissingDependencies>
  </SolutionManifest>
</ImportExportXml>